{
  "preset": "tiny",
  "device": "cpu",
  "params": 843136,
  "vocab_size": 443,
  "n_train": 5023,
  "n_val": 679,
  "n_test": 483,
  "steps": [
    100,
    200,
    300,
    400,
    500,
    600,
    700,
    800,
    900,
    1000,
    1100,
    1200,
    1300,
    1400,
    1500,
    1600,
    1700,
    1800,
    1900,
    2000,
    2100,
    2200,
    2300,
    2400,
    2500,
    2600,
    2700,
    2800,
    2900,
    3000
  ],
  "train_loss": [
    2.865866398894902,
    0.8674802711193206,
    0.4922213928133733,
    0.37542010832776707,
    0.3467263752235762,
    0.34181012215605105,
    0.33016292370837635,
    0.32571006356780496,
    0.32595702663515885,
    0.32273261588782726,
    0.3226373286693286,
    0.3203677117715734,
    0.3151347853397271,
    0.31942699817678094,
    0.3156728883700218,
    0.3189933618082167,
    0.3139158528731752,
    0.3113411388055861,
    0.3104623040186685,
    0.3116892457465131,
    0.3103576584416285,
    0.30635162955900647,
    0.30852706382103673,
    0.3060305175358332,
    0.3052854371556482,
    0.30471162583818767,
    0.3055890362668137,
    0.30276819262092314,
    0.3021753614316459,
    0.3020083699749905
  ],
  "val_loss": [
    1.0345529295365565,
    0.5145497099081182,
    0.4255707086432761,
    0.38059512012160435,
    0.3730767371950324,
    0.36832542966262205,
    0.3626113138365882,
    0.3557844563425927,
    0.3622585807087529,
    0.3644058173066255,
    0.3679123581585726,
    0.3666499823310103,
    0.3696233637133872,
    0.3673523713529349,
    0.37163386086579414,
    0.3736464200064455,
    0.3782444500009784,
    0.3778741441975823,
    0.37841012188796935,
    0.3809255462835649,
    0.3861006200422217,
    0.3854571300011994,
    0.3871349784279524,
    0.39177030462014284,
    0.39075067275740105,
    0.39324769050676023,
    0.3951481746984783,
    0.3947320877238139,
    0.3948936899043126,
    0.3949528318181451
  ],
  "lr": [
    0.001,
    0.0009971272499852784,
    0.0009884264308811837,
    0.0009739992584475515,
    0.0009540148780902767,
    0.000928707588397155,
    0.0008983740942011628,
    0.0008633700279875699,
    0.0008241057804282075,
    0.0007810416889260653,
    0.0007346826405801316,
    0.0006855721528457806,
    0.0006342860012895501,
    0.0005814254691470616,
    0.0005276102978268401,
    0.0004734714210089349,
    0.00041964356752438906,
    0.0003667578197400325,
    0.0003154342146947373,
    0.0002662744747320394,
    0.00021985495285582247,
    0.00017671987551831208,
    0.00013737496206251277,
    0.00010228149562529648,
    7.18509150143773e-05,
    4.643999096447299e-05,
    2.6346643326639276e-05,
    1.1806448230406886e-05,
    2.9898761690518306e-06,
    2.9338892498786963e-10
  ],
  "wall_seconds": 188.58387875556946,
  "best_val_loss": 0.3557844563425927
}