{
  "preset": "tiny",
  "device": "cpu",
  "params": 840832,
  "vocab_size": 425,
  "n_train": 4949,
  "n_val": 618,
  "n_test": 618,
  "steps": [
    200,
    400,
    600,
    800,
    1000,
    1200,
    1400,
    1600,
    1800,
    2000,
    2200,
    2400,
    2600,
    2800,
    3000
  ],
  "train_loss": [
    1.965383364568996,
    0.6111390495715323,
    0.4618361030912253,
    0.38126382733709185,
    0.3478275454421958,
    0.33533556962751415,
    0.33123163364316677,
    0.3289674063282038,
    0.32585653019407335,
    0.32136667417274034,
    0.3207021110209521,
    0.3178627689617792,
    0.3187173550572187,
    0.317470769039707,
    0.3157273008762423
  ],
  "val_loss": [
    1.164902908105296,
    0.5368168586698128,
    0.4543903630767129,
    0.37669961988148903,
    0.35604464888799325,
    0.3462674024310985,
    0.3446055120307424,
    0.34016972213845936,
    0.3396215292279614,
    0.33909437096172346,
    0.33781017207867875,
    0.33667073289761074,
    0.3364038678459795,
    0.3368054280449099,
    0.33682727316745525
  ],
  "lr": [
    0.0003,
    0.00029627654495637993,
    0.0002852182675668368,
    0.0002673795816191789,
    0.0002436549933146873,
    0.00021523415257620256,
    0.0001835421990334481,
    0.00015016829957113084,
    0.00011678596086555935,
    8.506911277193797e-05,
    5.660817049170463e-05,
    3.2830284513335637e-05,
    1.4927777327591427e-05,
    3.7983553991250306e-06,
    9.44158485227664e-11
  ],
  "wall_seconds": 162.849750995636,
  "best_val_loss": 0.3364038678459795
}